{
  "id": "",
  "name": "",
  "font_family": "iconfont",
  "css_prefix_text": "icon-",
  "description": "",
  "glyphs": [
    {
      "icon_id": "278286",
      "name": "home",
      "font_class": "home",
      "unicode": "e626",
      "unicode_decimal": 58918
    },
    {
      "icon_id": "5815377",
      "name": "数据系统",
      "font_class": "shujuxitong",
      "unicode": "e63a",
      "unicode_decimal": 58938
    },
    {
      "icon_id": "6807552",
      "name": "Map-3",
      "font_class": "Map-",
      "unicode": "ec72",
      "unicode_decimal": 60530
    },
    {
      "icon_id": "14656453",
      "name": "热门推荐",
      "font_class": "rementuijian",
      "unicode": "e73d",
      "unicode_decimal": 59197
    }
  ]
}
